Date,Open,High,Low,Close,Volume,SMA5,SMA20,SMA50,RSI,MACD,MACD_signal,MACD_hist,BB_mid,BB_upper,BB_lower
2024-10-25,1172.41,1225.92,1038.14,1099.44,38099000.0,,,,,0.0,0.0,0.0,,,
2024-10-28,1050.79,1118.9,1048.85,1067.33,5513900.0,,,,,-2.561,-0.512,-2.049,,,
2024-10-29,1084.84,1180.19,1079.98,1177.28,3755700.0,,,,,4.232,0.437,3.795,,,
2024-10-30,1206.46,1221.06,1171.44,1218.14,3638800.0,,,,,12.765,2.902,9.863,,,
2024-10-31,1224.95,1230.79,1188.95,1224.95,2733400.0,1157.428,,,,19.849,6.292,13.557,,,
2024-11-01,1212.3,1224.95,1182.14,1216.19,1355400.0,1180.778,,,,24.474,9.928,14.546,,,
2024-11-05,1211.33,1211.33,1146.14,1167.55,1322800.0,1200.822,,,,23.938,12.73,11.208,,,
2024-11-06,1191.87,1194.79,1136.41,1154.9,1384900.0,1196.346,,,,22.237,14.632,7.605,,,
2024-11-07,1138.36,1143.22,1082.9,1119.87,1942600.0,1176.692,,,,17.856,15.276,2.58,,,
2024-11-08,1094.57,1115.98,1071.22,1108.2,1794700.0,1153.342,,,,13.289,14.879,-1.59,,,
2024-11-11,1094.57,1165.6,1091.66,1152.95,1176600.0,1140.694,,,,13.13,14.529,-1.399,,,
2024-11-12,1156.84,1195.76,1152.95,1165.6,1618900.0,1140.304,,,,13.864,14.396,-0.532,,,
2024-11-13,1143.22,1195.76,1142.25,1156.84,1311700.0,1140.692,,,,13.583,14.233,-0.651,,,
2024-11-14,1153.92,1169.49,1091.66,1128.63,1886800.0,1142.444,,,,10.957,13.578,-2.621,,,
2024-11-15,1092.63,1117.92,1076.09,1098.47,2243000.0,1140.498,,,43.018,6.369,12.136,-5.767,,,
2024-11-18,1085.82,1123.76,1064.41,1065.39,1463100.0,1122.986,,,37.754,0.063,9.722,-9.658,,,
2024-11-19,1052.74,1090.68,1046.9,1079.98,1193300.0,1105.862,,,41.173,-3.714,7.035,-10.749,,,
2024-11-20,1070.25,1089.71,1057.6,1073.17,1629600.0,1089.128,,,40.067,-7.175,4.193,-11.367,,,
2024-11-21,1055.66,1079.01,1055.66,1068.3,791700.0,1077.062,,,39.255,-10.192,1.316,-11.508,,,
2024-11-22,1057.6,1120.84,1057.6,1108.2,1674200.0,1079.008,1132.569,,48.472,-9.258,-0.799,-8.459,1132.569,1236.679,1028.459
2024-11-25,1129.6,1145.17,1114.03,1114.03,1480400.0,1088.736,1133.298,,49.674,-7.955,-2.23,-5.725,1133.298,1236.632,1029.965
2024-11-26,1127.65,1136.41,1110.14,1126.68,1110900.0,1098.076,1136.266,,52.274,-5.835,-2.951,-2.883,1136.266,1234.926,1037.606
2024-11-27,1126.68,1146.14,1110.14,1122.79,1586400.0,1108.0,1133.542,,51.395,-4.417,-3.244,-1.173,1133.542,1230.426,1036.657
2024-11-28,1181.17,1187.0,1125.71,1128.63,12838300.0,1120.066,1129.066,,52.682,-2.79,-3.153,0.363,1129.066,1217.387,1040.745
2024-11-29,1117.92,1117.92,1061.49,1079.01,1823800.0,1114.228,1121.769,,42.406,-5.442,-3.611,-1.831,1121.769,1200.309,1043.229
2024-12-02,1062.47,1062.47,1032.3,1032.3,1859300.0,1097.882,1112.574,,35.405,-11.184,-5.126,-6.058,1112.574,1187.546,1037.603
2024-12-03,1026.47,1044.95,1009.93,1043.98,1464300.0,1081.342,1106.396,,38.155,-14.623,-7.025,-7.598,1106.396,1182.648,1030.144
2024-12-04,1027.44,1047.87,979.77,979.77,1749500.0,1052.738,1097.64,,30.475,-22.274,-10.075,-12.199,1097.64,1189.137,1006.142
2024-12-05,985.6,1008.95,942.79,943.77,2265000.0,1015.766,1088.834,,27.173,-30.885,-14.237,-16.648,1088.834,1202.526,975.143
2024-12-06,943.77,957.39,925.28,948.63,1650900.0,989.69,1080.856,,28.302,-36.893,-18.768,-18.125,1080.856,1210.151,951.561
2024-12-09,963.23,984.63,946.68,953.5,1786500.0,973.93,1070.884,,29.483,-40.79,-23.173,-17.618,1070.884,1207.334,934.433
2024-12-10,953.5,967.12,935.01,940.85,1454800.0,953.304,1059.646,,28.185,-44.389,-27.416,-16.973,1059.646,1200.21,919.082
2024-12-11,935.98,953.5,919.44,934.04,1590600.0,944.158,1048.506,,27.483,-47.245,-31.382,-15.863,1048.506,1191.923,905.089
2024-12-12,934.04,947.66,914.58,921.39,1699300.0,939.682,1038.144,,26.18,-49.954,-35.096,-14.858,1038.144,1187.028,889.26
2024-12-13,912.63,921.39,900.96,904.85,1755600.0,930.926,1028.463,,24.541,-52.826,-38.642,-14.184,1028.463,1185.772,871.154
2024-12-16,902.9,923.33,891.23,891.23,1505600.0,918.472,1019.755,,23.251,-55.561,-42.026,-13.535,1019.755,1187.399,852.111
2024-12-17,887.33,896.09,859.12,863.01,2650500.0,902.904,1008.906,,20.809,-59.321,-45.485,-13.837,1008.906,1187.842,829.971
2024-12-18,860.09,869.82,852.31,859.12,2241400.0,887.92,998.204,,20.489,-61.902,-48.768,-13.134,998.204,1186.325,810.083
2024-12-19,848.42,884.42,848.42,869.82,2084900.0,877.606,988.28,,23.948,-62.365,-51.488,-10.877,988.28,1181.698,794.862
2024-12-20,886.36,908.74,873.71,896.09,1998500.0,875.854,977.674,,31.792,-59.921,-53.174,-6.747,977.674,1166.615,788.734
2024-12-23,896.09,896.09,875.66,878.58,1236200.0,873.324,965.902,,29.6,-58.721,-54.284,-4.437,965.902,1148.297,783.507
2024-12-24,875.66,890.25,863.98,885.39,1328800.0,877.8,953.838,,31.576,-56.568,-54.74,-1.827,953.838,1122.888,784.787
2024-12-25,880.52,885.39,856.2,864.96,1477800.0,878.968,940.946,,28.951,-55.866,-54.966,-0.9,940.946,1094.346,787.546
2024-12-26,857.17,865.93,849.39,862.04,1931200.0,877.412,927.616,,28.585,-54.912,-54.955,0.043,927.616,1056.762,798.471
2024-12-27,874.73,900.11,866.92,887.42,1104900.0,875.678,918.037,,36.137,-51.515,-54.267,2.752,918.037,1026.697,809.377
2024-12-30,878.63,898.16,876.68,898.16,578100.0,879.594,911.33,,39.073,-47.409,-52.895,5.486,911.33,1005.946,816.714
2025-01-06,898.16,902.06,868.87,868.87,1135600.0,876.29,902.574,,34.425,-45.989,-51.514,5.525,902.574,975.406,829.743
2025-01-07,883.52,903.04,878.63,878.63,870800.0,879.024,897.518,,37.11,-43.573,-49.926,6.353,897.518,961.259,833.776
2025-01-08,878.63,946.0,878.63,939.16,2055600.0,894.448,897.287,,50.614,-36.356,-47.212,10.856,897.287,960.354,834.22
2025-01-09,953.81,961.62,916.71,935.26,1960900.0,904.016,896.618,1022.067,49.871,-30.598,-43.889,13.291,896.618,957.644,835.593
2025-01-10,935.26,965.52,927.45,965.52,1273000.0,917.488,897.219,1019.388,55.349,-23.324,-39.776,16.452,897.219,960.788,833.651
2025-01-14,956.74,960.64,923.54,939.16,1528600.0,931.546,897.135,1016.825,50.203,-19.462,-35.713,16.251,897.135,960.463,833.807
2025-01-15,943.07,947.95,910.85,917.68,1378000.0,939.356,896.317,1011.633,46.415,-17.928,-32.156,14.228,896.317,958.04,834.594
2025-01-16,911.83,917.68,902.06,906.95,973200.0,932.914,895.595,1005.409,44.605,-17.377,-29.2,11.823,895.595,956.415,834.775
2025-01-17,898.16,902.06,887.42,893.28,1071700.0,924.518,895.017,998.776,42.34,-17.839,-26.928,9.089,895.017,955.685,834.348
2025-01-20,907.92,940.14,906.95,916.71,997500.0,914.756,896.29,992.786,47.282,-16.128,-24.768,8.64,896.29,957.69,834.891
2025-01-21,916.71,921.59,896.21,910.85,603500.0,909.094,898.683,987.652,46.215,-15.071,-22.829,7.757,898.683,958.326,839.039
2025-01-22,915.73,930.38,911.83,918.66,901300.0,909.29,901.66,982.927,47.902,-13.449,-20.953,7.504,901.66,958.883,844.436
2025-01-23,924.52,926.47,900.11,907.92,601100.0,909.484,903.565,978.688,45.776,-12.881,-19.338,6.458,903.565,958.828,848.301
2025-01-24,896.21,904.02,883.52,887.42,980700.0,908.312,903.131,974.273,41.948,-13.924,-18.255,4.331,903.131,958.776,847.486
2025-01-27,888.4,893.28,871.8,871.8,955400.0,899.33,902.792,968.65,39.254,-15.829,-17.77,1.941,902.792,959.145,846.439
2025-01-28,866.92,874.73,855.2,859.11,946500.0,888.982,901.478,962.52,37.166,-18.154,-17.847,-0.307,901.478,960.692,842.264
2025-01-29,863.01,876.68,858.13,872.78,690000.0,879.806,901.869,956.839,40.818,-18.678,-18.013,-0.664,901.869,960.164,843.574
2025-01-30,865.94,869.85,858.13,862.04,744400.0,870.63,901.869,951.507,38.905,-19.732,-18.357,-1.375,901.869,960.164,843.574
2025-01-31,862.04,897.18,855.2,892.3,1717900.0,871.606,902.113,947.384,46.512,-17.919,-18.269,0.35,902.113,960.194,844.032
2025-02-03,899.14,914.76,895.23,903.04,1324800.0,877.854,902.357,944.137,48.942,-15.438,-17.703,2.265,902.357,960.409,844.305
2025-02-04,917.68,937.21,911.83,932.33,1236900.0,892.498,905.53,941.184,54.953,-10.981,-16.359,5.377,905.53,962.807,848.253
2025-02-05,956.74,966.5,930.38,933.3,1676200.0,904.602,908.263,938.386,55.141,-7.287,-14.544,7.257,908.263,965.353,851.174
2025-02-06,947.95,954.78,934.28,951.85,741400.0,922.564,908.898,936.057,58.697,-2.83,-12.202,9.371,908.898,967.69,850.106
2025-02-07,966.5,970.4,947.95,951.85,1036000.0,934.474,909.728,932.93,58.697,0.694,-9.622,10.316,909.728,970.52,848.935
2025-02-10,937.21,941.11,924.52,934.28,508700.0,940.722,908.165,929.335,53.995,2.045,-7.289,9.334,908.165,964.353,851.978
2025-02-12,948.92,952.83,936.23,952.83,906500.0,944.822,908.849,925.858,57.836,4.561,-4.919,9.48,908.849,966.925,850.773
2025-02-13,947.95,961.62,936.23,961.62,845600.0,950.486,911.046,922.635,59.558,7.181,-2.499,9.68,911.046,973.675,848.417
2025-02-14,961.62,997.74,919.64,973.33,1928000.0,954.782,914.365,919.529,61.798,10.086,0.018,10.068,914.365,982.842,845.888
2025-02-17,1025.07,1110.98,1015.31,1076.82,3360300.0,979.776,923.542,919.485,74.983,20.503,4.115,16.388,923.542,1022.522,824.562
2025-02-18,1085.6,1116.84,1077.79,1094.39,1457100.0,1011.798,932.426,920.727,76.468,29.832,9.258,20.573,932.426,1057.326,807.526
2025-02-19,1088.53,1126.6,1068.03,1122.7,1417900.0,1045.772,943.018,922.301,78.665,39.059,15.218,23.841,943.018,1093.523,792.514
2025-02-20,1112.94,1143.2,1082.67,1106.1,1194700.0,1074.668,952.39,924.828,74.285,44.52,21.079,23.441,952.39,1118.991,785.79
2025-02-21,1135.39,1140.27,1068.03,1076.82,1115700.0,1095.366,960.835,927.489,67.179,45.954,26.054,19.901,960.835,1134.901,786.77
2025-02-25,1025.07,1084.63,1025.07,1063.15,838200.0,1092.632,969.622,929.779,64.097,45.464,29.936,15.528,969.622,1145.812,793.432
2025-02-26,1123.68,1130.51,1085.6,1096.34,1345700.0,1093.022,980.849,932.636,67.943,47.21,33.391,13.819,980.849,1159.393,802.305
2025-02-27,1084.63,1108.06,1065.1,1099.27,1290100.0,1088.336,992.857,935.804,68.266,48.273,36.367,11.906,992.857,1169.218,816.496
2025-02-28,1106.1,1114.89,1045.57,1046.55,3725900.0,1076.426,1001.546,938.055,57.109,44.351,37.964,6.387,1001.546,1169.94,833.151
2025-03-03,1060.22,1067.05,1037.76,1046.55,851100.0,1070.372,1010.771,940.558,57.109,40.772,38.526,2.247,1010.771,1166.744,854.798
2025-03-04,1040.69,1061.19,1035.81,1043.62,588600.0,1066.466,1018.337,943.333,56.514,37.27,38.275,-1.004,1018.337,1164.484,872.19
2025-03-05,1025.07,1039.72,1005.55,1030.93,947800.0,1053.384,1024.731,946.127,53.893,33.089,37.237,-4.148,1024.731,1160.457,889.006
2025-03-06,1029.95,1053.38,1025.07,1044.6,617200.0,1042.45,1030.345,949.759,56.247,30.527,35.895,-5.368,1030.345,1159.087,901.603
2025-03-07,1034.84,1067.05,1019.22,1057.29,1146700.0,1044.598,1036.544,953.722,58.371,29.184,34.553,-5.369,1036.544,1157.304,915.785
2025-03-10,1028.0,1034.84,1005.55,1015.31,1078200.0,1038.35,1039.718,956.632,49.764,24.45,32.532,-8.082,1039.718,1154.283,925.152
2025-03-11,1005.55,1023.12,993.83,1005.55,1202000.0,1030.736,1042.402,958.821,47.992,19.684,29.963,-10.279,1042.402,1150.639,934.166
2025-03-12,995.79,1028.0,994.81,1013.36,1219300.0,1027.222,1046.356,961.517,49.54,16.349,27.24,-10.891,1046.356,1143.133,949.58
2025-03-13,1000.67,1039.72,1000.67,1018.24,884600.0,1021.95,1049.627,964.174,50.531,13.939,24.58,-10.641,1049.627,1137.066,962.188
2025-03-14,1012.38,1044.6,1007.5,1035.81,956400.0,1017.654,1053.336,967.591,54.031,13.293,22.323,-9.029,1053.336,1130.779,975.894
2025-03-17,1049.48,1088.53,1047.53,1073.89,1024100.0,1029.37,1058.364,971.828,60.547,15.674,20.993,-5.319,1058.364,1126.425,990.304
2025-03-18,1084.63,1091.46,1056.31,1062.17,880200.0,1040.694,1057.632,975.323,57.83,16.425,20.079,-3.654,1057.632,1125.17,990.094
2025-03-19,1057.29,1081.7,1057.29,1061.19,950200.0,1050.26,1055.972,978.584,57.598,16.749,19.413,-2.664,1055.972,1121.301,990.643
2025-03-21,1057.29,1057.29,1003.6,1014.33,1265500.0,1049.478,1050.554,981.493,47.71,13.073,18.145,-5.072,1050.554,1110.319,990.788
2025-03-24,996.76,1006.52,984.07,994.81,901700.0,1041.278,1044.989,983.816,44.298,8.487,16.214,-7.726,1044.989,1103.693,986.285
2025-03-25,1010.43,1012.38,991.88,995.79,546800.0,1025.658,1040.938,984.949,44.513,4.876,13.946,-9.07,1040.938,1101.546,980.329
2025-03-26,993.83,996.76,982.12,990.9,774600.0,1011.404,1037.325,986.062,43.61,1.601,11.477,-9.876,1037.325,1100.899,973.751
2025-03-27,987.98,988.95,959.66,971.38,664600.0,993.442,1031.077,986.179,40.114,-2.541,8.673,-11.214,1031.077,1094.792,967.362
2025-03-28,961.62,974.31,953.81,954.78,706800.0,981.532,1023.852,986.491,37.37,-7.081,5.523,-12.603,1023.852,1087.777,959.928
2025-03-31,928.42,937.21,917.68,922.57,825900.0,967.084,1017.654,986.589,32.697,-13.126,1.793,-14.919,1017.654,1094.956,940.351
2025-04-01,922.57,928.42,907.92,909.87,684500.0,949.9,1010.82,986.648,31.048,-18.727,-2.311,-16.415,1010.82,1100.536,921.103
2025-04-02,904.99,910.85,886.44,893.28,908500.0,930.376,1003.303,986.648,28.992,-24.224,-6.694,-17.53,1003.303,1105.739,900.866
2025-04-03,844.47,869.85,843.49,852.28,1180700.0,906.556,994.37,985.359,24.647,-31.526,-11.66,-19.866,994.37,1116.018,872.722
2025-04-04,819.08,823.96,749.77,763.44,1685000.0,868.288,980.312,982.411,18.261,-43.974,-18.123,-25.851,980.312,1137.353,823.271
2025-04-07,657.02,670.69,627.74,633.59,2458600.0,810.492,959.127,976.709,12.971,-63.585,-27.215,-36.369,959.127,1175.537,742.717
2025-04-08,721.46,726.34,678.5,691.19,1648400.0,766.756,942.921,972.375,23.55,-73.63,-36.498,-37.131,942.921,1188.231,697.611
2025-04-09,660.93,660.93,625.78,639.45,2076400.0,715.99,924.616,967.415,21.072,-84.788,-46.156,-38.632,924.616,1202.696,646.536
2025-04-10,732.2,737.08,708.76,737.08,1004700.0,692.95,910.802,964.721,34.976,-84.776,-53.88,-30.896,910.802,1197.632,623.972
2025-04-11,683.38,708.76,675.57,703.88,1585800.0,681.038,895.084,961.616,32.856,-86.448,-60.394,-26.055,895.084,1191.42,598.748
2025-04-14,709.74,783.94,707.79,769.29,2210100.0,708.178,881.758,959.547,40.506,-81.556,-64.626,-16.93,881.758,1175.406,588.11
2025-04-15,798.58,819.08,782.96,786.87,2521600.0,727.314,867.407,958.043,42.406,-75.391,-66.779,-8.612,867.407,1149.34,585.474
2025-04-16,791.75,798.58,763.44,770.27,1403700.0,753.478,852.812,955.603,41.072,-71.026,-67.628,-3.397,852.812,1122.237,583.387
2025-04-17,781.01,782.96,756.6,765.39,789700.0,759.14,838.022,952.85,40.667,-67.186,-67.54,0.354,838.022,1091.274,584.77
2025-04-18,807.37,813.22,781.98,781.98,1395400.0,774.76,826.404,949.843,42.734,-62.088,-66.449,4.361,826.404,1066.582,586.227
2025-04-21,789.79,805.41,774.17,779.06,936100.0,776.714,815.617,946.758,42.454,-57.62,-64.684,7.064,815.617,1042.986,588.248
2025-04-22,780.03,793.7,775.15,791.75,606400.0,777.69,805.415,943.556,44.167,-52.45,-62.237,9.787,805.415,1016.47,594.36
2025-04-23,821.03,827.87,803.46,819.08,933200.0,787.452,796.824,940.9,47.775,-45.621,-58.914,13.292,796.824,989.255,604.393
2025-04-24,859.11,875.71,822.99,824.94,1952300.0,799.362,789.502,938.714,48.542,-39.284,-54.988,15.704,789.502,964.304,614.7
2025-04-25,824.94,846.42,817.13,820.06,1058000.0,806.978,782.766,936.058,47.911,-34.261,-50.842,16.582,782.766,940.279,625.253
2025-04-28,834.7,835.68,808.34,822.99,4445400.0,815.764,777.787,933.286,48.345,-29.701,-46.614,16.913,777.787,922.465,633.109
2025-04-30,819.08,860.09,812.25,860.09,1494400.0,829.432,775.298,931.021,53.621,-22.83,-41.857,19.027,775.298,911.896,638.7
2025-05-01,855.2,867.9,848.37,863.99,716000.0,838.414,773.834,926.764,54.151,-16.876,-36.861,19.985,773.834,905.649,642.018
2025-05-02,863.99,882.54,856.18,874.73,703300.0,848.372,774.956,922.371,55.655,-11.162,-31.721,20.559,774.956,909.929,639.983
2025-05-07,911.83,911.83,889.37,904.99,1117300.0,865.358,782.034,918.017,59.668,-4.144,-26.206,22.062,782.034,928.794,635.273
2025-05-08,904.99,907.92,890.35,894.25,876200.0,879.61,795.067,913.78,57.673,0.545,-20.856,21.401,795.067,932.309,657.824
2025-05-09,905.97,906.95,891.33,896.21,775300.0,886.834,805.318,910.168,57.949,4.369,-15.811,20.179,805.318,940.503,670.132
2025-05-12,898.16,904.99,887.42,904.99,637300.0,895.034,818.594,907.004,59.233,8.015,-11.045,19.061,818.594,936.206,700.983
2025-05-13,929.4,935.26,904.02,914.76,860700.0,903.04,827.478,903.373,60.672,11.56,-6.524,18.084,827.478,946.003,708.954
2025-05-14,917.68,924.52,902.06,922.57,989900.0,906.556,838.413,899.839,61.831,14.829,-2.254,17.082,838.413,949.012,727.814
2025-05-15,914.76,921.59,822.99,839.58,1597400.0,895.622,841.928,895.699,46.232,10.6,0.317,10.283,841.928,947.637,736.218
2025-05-16,839.58,840.56,747.82,770.27,2612000.0,870.434,841.098,890.174,37.681,1.638,0.581,1.057,841.098,948.868,733.327
2025-05-19,772.22,783.94,770.27,771.25,777500.0,843.686,841.147,884.726,37.856,-5.325,-0.6,-4.725,841.147,948.782,733.511
2025-05-20,752.7,752.7,719.5,735.12,1750400.0,807.758,839.633,878.81,34.059,-13.601,-3.2,-10.401,839.633,952.479,726.787
2025-05-21,741.96,742.93,721.46,724.39,994000.0,768.122,836.754,872.406,33.0,-20.787,-6.717,-14.069,836.754,958.391,715.116
2025-05-22,717.55,721.46,709.74,711.69,833800.0,742.544,833.385,865.494,31.742,-27.192,-10.812,-16.38,833.385,965.066,701.704
2025-05-23,707.79,712.67,701.93,704.86,1083900.0,729.462,829.041,859.285,31.057,-32.446,-15.139,-17.307,829.041,971.775,686.306
2025-05-26,694.12,697.05,686.31,687.29,1484800.0,712.67,822.451,852.92,29.303,-37.594,-19.63,-17.964,822.451,978.654,666.248
2025-05-27,683.38,716.58,681.43,710.72,2065300.0,707.79,816.74,846.867,34.605,-39.33,-23.57,-15.76,816.74,980.719,652.761
2025-05-28,725.36,728.29,697.05,698.03,1221900.0,702.518,810.638,840.463,33.155,-41.254,-27.107,-14.147,810.638,982.966,638.311
2025-05-29,714.62,724.39,702.91,716.58,1507000.0,703.496,805.318,834.078,37.292,-40.812,-29.848,-10.964,805.318,982.541,628.095
2025-05-30,711.69,723.41,706.81,712.67,967400.0,705.058,797.947,826.854,36.775,-40.312,-31.941,-8.371,797.947,977.821,618.073
2025-06-02,711.69,711.69,689.24,689.24,1099400.0,705.448,789.21,819.395,33.757,-41.33,-33.818,-7.511,789.21,972.52,605.899
2025-06-03,691.19,701.93,687.29,697.05,853700.0,702.714,780.326,812.112,35.653,-41.033,-35.261,-5.772,780.326,963.407,597.244
2025-06-04,702.91,709.74,697.05,700.95,719300.0,703.298,770.124,805.845,36.628,-40.023,-36.214,-3.809,770.124,946.575,593.672
2025-06-05,694.12,709.74,690.22,695.1,882800.0,699.002,760.166,799.851,35.753,-39.241,-36.819,-2.422,760.166,929.456,590.876
2025-06-06,693.14,694.12,682.41,687.29,1357600.0,693.926,749.72,793.681,34.565,-38.805,-37.216,-1.588,749.72,909.16,590.28
2025-06-09,699.0,719.5,699.0,702.91,1056100.0,696.66,739.616,787.921,38.934,-36.774,-37.128,0.353,739.616,882.365,596.867
2025-06-10,702.91,731.22,702.91,708.76,1489300.0,699.002,729.316,782.668,40.536,-34.298,-36.562,2.264,729.316,846.247,612.385
2025-06-11,710.72,719.5,702.91,712.67,924400.0,701.346,718.821,777.826,41.637,-31.655,-35.581,3.925,718.821,792.339,645.303
2025-06-12,713.65,719.5,707.79,711.69,925200.0,704.664,712.426,773.609,41.43,-29.302,-34.325,5.023,712.426,759.046,665.807
2025-06-13,712.67,716.58,687.29,687.29,1260400.0,704.664,708.277,769.157,36.553,-29.071,-33.274,4.203,708.277,747.387,669.168
2025-06-16,683.38,694.12,679.48,692.17,946000.0,702.516,704.324,765.135,38.122,-28.169,-32.253,4.084,704.324,730.467,678.18
2025-06-17,683.38,701.93,683.38,701.93,934100.0,701.15,702.664,762.128,41.251,-26.363,-31.075,4.712,702.664,724.423,680.905
2025-06-18,696.07,707.79,694.12,698.03,824500.0,698.222,701.346,760.82,40.372,-24.959,-29.852,4.893,701.346,720.615,682.077
2025-06-19,697.05,702.91,689.24,698.03,920200.0,695.49,700.663,762.108,40.372,-23.574,-28.596,5.022,700.663,719.347,681.979
2025-06-20,694.12,729.27,694.12,714.62,6545600.0,700.956,701.151,762.577,46.041,-20.897,-27.056,6.159,701.151,720.783,681.519
2025-06-23,707.79,718.53,691.19,713.65,1247500.0,705.252,702.469,764.061,45.767,-18.639,-25.373,6.734,702.469,721.718,683.22
2025-06-24,728.29,736.1,716.58,720.48,1065900.0,708.962,702.957,763.729,48.109,-16.113,-23.521,7.408,702.957,723.536,682.378
2025-06-25,722.43,725.36,712.67,721.46,810200.0,713.648,704.128,764.081,48.453,-13.871,-21.591,7.72,704.128,726.144,682.113
2025-06-26,722.43,731.22,714.62,729.27,791500.0,719.896,704.763,763.28,51.227,-11.334,-19.54,8.205,704.763,728.917,680.609
2025-06-27,744.49,755.37,735.59,748.45,1675100.0,726.662,706.552,762.512,57.304,-7.687,-17.169,9.482,706.552,737.513,675.591
2025-06-30,763.28,775.14,760.31,761.3,1415300.0,736.192,710.155,762.332,60.825,-3.718,-14.479,10.761,710.155,748.52,671.79
2025-07-01,776.13,789.97,764.27,785.03,2168100.0,749.102,714.554,762.725,66.346,1.328,-11.317,12.646,714.554,764.898,664.21
2025-07-02,755.37,761.3,732.63,746.47,2494200.0,754.104,716.83,762.015,53.221,2.19,-8.616,10.806,716.83,768.677,664.983
2025-07-03,748.45,775.14,748.45,772.18,1176200.0,762.686,720.684,761.877,59.04,4.892,-5.914,10.806,720.684,776.997,664.371
2025-07-04,786.02,788.98,765.26,766.24,1182400.0,766.244,724.632,761.367,57.267,6.478,-3.436,9.914,724.632,782.144,667.119
2025-07-07,760.31,766.24,720.76,722.74,1749500.0,758.532,725.623,759.44,46.305,4.178,-1.913,6.091,725.623,782.236,669.01
2025-07-08,711.87,743.5,708.9,725.71,1029300.0,746.668,726.47,757.456,47.051,2.565,-1.018,3.582,726.47,782.525,670.416
2025-07-09,739.55,749.44,723.73,747.46,956300.0,746.866,728.21,756.004,52.275,3.006,-0.213,3.219,728.21,784.619,671.801
2025-07-10,754.38,762.29,726.7,729.66,1120100.0,738.362,729.108,754.137,48.093,1.898,0.209,1.689,729.108,784.98,673.237
2025-07-11,732.63,736.58,724.72,730.65,646800.0,731.244,731.276,751.548,48.34,1.088,0.385,0.703,731.276,783.566,678.987
2025-07-14,724.72,731.64,719.77,727.68,660300.0,732.232,733.052,748.822,47.607,0.203,0.349,-0.145,733.052,782.059,684.045
2025-07-15,725.71,735.59,721.75,726.7,663100.0,732.43,734.29,745.862,47.352,-0.57,0.165,-0.735,734.29,781.192,687.389
2025-07-16,721.75,757.35,719.77,740.54,1571300.0,731.046,736.416,742.573,51.322,-0.066,0.119,-0.185,736.416,780.144,692.688
2025-07-17,741.53,748.45,737.57,740.54,1043700.0,733.222,738.542,739.498,51.322,0.33,0.161,0.169,738.542,778.373,698.71
2025-07-18,745.48,746.47,721.75,722.74,863000.0,731.64,738.948,736.029,46.133,-0.783,-0.028,-0.755,738.948,777.908,699.987
2025-07-22,721.75,733.62,719.77,721.75,685100.0,730.454,739.352,732.364,45.855,-1.725,-0.367,-1.358,739.352,777.362,701.343
2025-07-23,731.64,754.38,727.68,748.45,1136100.0,734.804,740.751,729.038,53.913,-0.314,-0.357,0.042,740.751,777.885,703.617
2025-07-24,750.42,768.22,748.45,761.3,983700.0,738.956,742.743,725.813,57.213,1.82,0.079,1.741,742.743,779.794,705.692
2025-07-25,761.3,765.26,752.4,757.35,573800.0,742.318,744.147,724.168,55.888,3.156,0.694,2.462,744.147,781.177,707.117
2025-07-28,765.26,776.13,759.32,774.15,578700.0,752.6,745.432,724.246,60.118,5.508,1.657,3.851,745.432,784.8,706.064
2025-07-29,769.21,775.14,753.39,765.26,1234900.0,761.302,745.63,724.126,57.003,6.578,2.641,3.937,745.63,785.372,705.888
2025-07-30,769.21,775.14,762.29,767.23,2169300.0,765.058,744.74,724.768,57.528,7.498,3.613,3.886,744.74,781.449,708.031
2025-07-31,768.22,773.16,759.32,769.21,737100.0,766.64,745.877,725.664,58.082,8.292,4.549,3.744,745.877,784.185,707.569
2025-08-01,762.29,774.15,760.31,763.28,827000.0,767.826,745.432,726.696,55.737,8.347,5.308,3.038,745.432,782.645,708.219
2025-08-04,735.59,756.36,733.62,756.36,770800.0,764.268,744.938,727.726,53.045,7.742,5.795,1.947,744.938,781.239,708.637
2025-08-05,763.28,777.12,760.31,776.13,805400.0,766.442,747.608,729.503,59.12,8.757,6.387,2.37,747.608,784.875,710.34
2025-08-06,771.19,778.11,770.2,773.16,539600.0,767.628,749.98,730.752,57.908,9.216,6.953,2.263,749.98,787.419,712.541
2025-08-07,770.2,782.06,761.3,777.12,1134100.0,769.21,751.463,732.334,59.111,9.786,7.52,2.266,751.463,790.784,712.142
2025-08-08,821.61,850.28,785.03,805.79,3657200.0,777.712,755.27,734.118,66.566,12.409,8.498,3.911,755.27,800.062,710.477
2025-08-12,806.78,819.63,800.85,805.79,1604600.0,787.598,759.026,735.98,66.566,14.322,9.662,4.659,759.026,807.572,710.481
2025-08-13,804.8,810.74,788.0,789.97,1085100.0,790.366,762.141,737.995,59.611,14.395,10.609,3.786,762.141,810.209,714.073
2025-08-14,786.02,808.76,785.03,808.76,898100.0,797.486,766.244,740.229,64.372,15.788,11.645,4.143,766.244,815.567,716.921
2025-08-15,803.81,812.71,801.84,807.77,691000.0,803.616,769.606,742.365,63.945,16.62,12.64,3.98,769.606,820.685,718.526
2025-08-18,805.79,820.62,803.81,810.74,958700.0,804.606,773.116,744.678,64.702,17.32,13.576,3.744,773.116,825.419,720.812
2025-08-19,819.63,838.42,818.64,823.59,955100.0,808.166,778.158,747.404,67.851,18.695,14.6,4.096,778.158,829.448,726.868
2025-08-20,819.63,821.61,798.87,809.75,992900.0,812.122,782.558,749.541,61.489,18.456,15.371,3.085,782.558,828.268,736.848
2025-08-21,807.77,810.74,798.87,800.85,677000.0,810.54,785.178,751.383,57.741,17.348,15.766,1.582,785.178,828.607,741.749
2025-08-22,795.9,803.81,791.95,797.88,660400.0,808.562,787.007,753.087,56.503,16.046,15.822,0.224,787.007,829.267,744.747
2025-08-25,833.48,844.35,819.63,822.6,1172800.0,810.934,790.27,755.305,63.514,16.814,16.021,0.794,790.27,832.962,747.577
2025-08-26,818.64,820.62,806.78,815.68,823000.0,809.352,792.346,757.873,60.571,16.673,16.151,0.522,792.346,835.771,748.921
2025-08-27,815.68,816.67,798.87,805.79,945300.0,808.56,794.373,760.145,56.538,15.583,16.038,-0.454,794.373,836.229,752.516
2025-08-28,810.74,832.49,810.74,831.5,1061500.0,814.69,797.586,762.737,63.366,16.603,16.151,0.452,797.586,840.523,754.649
2025-08-29,831.5,836.44,820.62,824.58,845000.0,820.03,800.354,765.268,60.606,16.66,16.253,0.408,800.354,842.725,757.984
2025-09-01,820.62,825.57,808.76,811.72,718900.0,817.854,802.776,767.542,55.747,15.49,16.1,-0.61,802.776,841.614,763.939
2025-09-02,812.71,840.4,812.71,828.53,970200.0,820.424,806.385,769.82,60.235,15.737,16.027,-0.29,806.385,840.143,772.627
2025-09-03,821.61,822.6,796.89,799.86,1212800.0,819.238,807.572,771.544,50.776,13.464,15.515,-2.05,807.572,838.392,776.751
2025-09-04,855.23,866.1,833.48,848.31,2205300.0,822.6,811.329,774.101,61.717,15.395,15.491,-0.096,811.329,842.802,779.856
2025-09-05,859.18,866.1,852.26,864.13,1349300.0,830.51,815.68,776.954,64.492,17.995,15.992,2.003,815.68,851.055,780.304
2025-09-08,923.45,923.45,884.89,900.71,1597700.0,848.308,820.426,780.383,69.922,22.744,17.342,5.402,820.426,871.983,768.868
2025-09-09,901.7,912.57,885.88,891.81,1181000.0,860.964,824.726,783.25,67.228,25.496,18.973,6.523,824.726,884.793,764.66
2025-09-10,893.79,903.67,893.79,895.76,827100.0,880.144,830.016,785.939,67.821,27.677,20.714,6.963,830.016,895.576,764.456
2025-09-11,896.75,910.59,896.75,907.63,1037600.0,892.008,834.959,788.391,69.6,30.017,22.574,7.443,834.959,908.228,761.691
2025-09-12,917.52,939.27,915.54,929.38,1541700.0,905.058,841.04,792.049,72.589,33.243,24.708,8.535,841.04,924.31,757.77
2025-09-16,934.32,937.29,921.47,929.38,1041400.0,910.792,846.972,795.193,72.589,35.392,26.845,8.547,846.972,937.721,756.223
2025-09-17,927.4,928.39,890.82,890.82,960200.0,910.594,850.334,797.685,60.38,33.596,28.195,5.401,850.334,942.407,758.26
2025-09-18,894.78,947.18,891.81,934.32,1516200.0,918.306,856.562,801.917,67.102,35.277,29.611,5.665,856.562,953.785,759.339
2025-09-19,943.22,957.06,921.47,934.32,2199700.0,923.644,863.236,806.089,67.102,36.191,30.927,5.264,863.236,962.655,763.816
2025-09-22,926.41,934.32,920.48,924.44,720000.0,922.656,869.564,809.628,64.231,35.707,31.883,3.824,869.564,967.569,771.558
2025-09-24,924.44,930.37,908.62,922.46,850700.0,921.272,874.556,813.484,63.644,34.763,32.459,2.304,874.556,972.663,776.45
2025-09-25,917.52,924.44,910.59,924.44,658600.0,927.996,879.994,817.36,63.999,33.785,32.724,1.061,879.994,976.402,783.587
2025-09-26,912.57,916.53,900.71,904.66,888500.0,922.064,884.938,820.9,57.919,31.056,32.391,-1.335,884.938,975.273,794.603
2025-09-29,900.71,902.68,887.85,892.8,833400.0,913.76,888.003,824.222,54.572,27.618,31.436,-3.818,888.003,974.794,801.212
2025-09-30,888.84,900.71,887.85,890.82,592600.0,907.036,891.315,827.227,54.011,24.451,30.039,-5.588,891.315,972.809,809.821
2025-10-01,885.88,892.8,871.05,876.98,1016900.0,897.94,894.578,829.956,50.13,20.588,28.149,-7.561,894.578,967.42,821.736
2025-10-02,883.9,900.71,883.9,894.78,807100.0,892.008,897.89,833.397,54.644,18.746,26.268,-7.522,897.89,963.78,832.001
2025-10-03,899.72,909.61,897.74,906.64,715800.0,892.404,903.23,837.095,57.41,18.036,24.622,-6.586,903.23,950.287,856.172
2025-10-06,932.35,937.29,899.72,908.62,1125000.0,895.568,906.245,840.298,57.872,17.431,23.184,-5.752,906.245,945.58,866.91
2025-10-07,922.46,922.46,900.71,904.66,781800.0,898.336,908.272,843.165,56.551,16.444,21.836,-5.392,908.272,942.287,874.256
2025-10-08,919.49,924.44,904.66,915.54,926400.0,906.048,909.013,846.329,59.299,16.35,20.739,-4.388,909.013,942.981,875.045
2025-10-09,938.28,948.16,921.47,932.35,1162300.0,913.562,911.04,849.493,63.176,17.431,20.077,-2.646,911.04,945.52,876.56
2025-10-10,924.44,928.39,908.62,916.53,876800.0,915.54,912.078,852.519,57.615,16.818,19.425,-2.607,912.078,945.865,878.292
2025-10-14,901.7,910.59,873.02,875.0,893700.0,908.816,910.447,854.674,46.133,12.833,18.107,-5.274,910.447,948.071,872.823
2025-10-15,875.99,891.81,875.0,889.83,630400.0,905.85,908.47,857.086,49.968,10.747,16.635,-5.888,908.47,946.061,870.878
2025-10-16,904.66,916.53,903.67,916.53,727100.0,906.048,907.827,860.151,56.035,11.121,15.532,-4.411,907.827,944.338,871.316
2025-10-17,925.42,930.37,904.66,910.59,673900.0,901.696,908.816,863.236,54.453,10.813,14.588,-3.775,908.816,944.447,873.184
2025-10-20,921.47,934.32,916.53,934.32,905300.0,905.254,908.816,866.4,59.386,12.341,14.139,-1.797,908.816,944.447,873.184
2025-10-21,937.29,944.21,924.44,942.23,1163700.0,918.7,909.211,869.781,60.906,14.029,14.117,-0.088,909.211,946.185,872.237
2025-10-22,951.13,971.89,941.24,965.96,1298700.0,933.926,911.287,873.558,65.124,17.085,14.711,2.374,911.287,955.763,866.811
2025-10-23,951.13,956.07,937.29,945.2,631200.0,939.66,912.424,876.346,59.116,17.628,15.294,2.334,912.424,959.205,865.643
2025-10-24,949.15,968.93,949.15,963.0,1037500.0,950.142,914.352,879.49,62.325,19.273,16.09,3.183,914.352,966.13,862.574
2025-10-27,983.76,990.68,975.85,987.71,1034500.0,960.82,918.504,883.445,66.282,22.313,17.334,4.978,918.504,979.509,857.5
2025-10-28,988.7,996.61,968.93,968.93,876500.0,966.16,922.311,886.649,61.035,22.942,18.456,4.486,922.311,986.003,858.619
2025-10-29,963.0,977.83,950.14,962.01,861700.0,965.37,925.87,889.733,59.176,22.622,19.289,3.333,925.87,990.107,861.634
2025-10-30,967.94,981.78,961.02,969.92,1064700.0,970.314,930.517,892.917,60.651,22.744,19.98,2.764,930.517,993.293,867.742
2025-10-31,969.92,987.71,963.98,977.83,890300.0,973.28,934.67,896.002,62.125,23.212,20.626,2.585,934.67,998.471,870.869
2025-11-04,964.97,998.59,962.01,980.79,835800.0,971.896,938.378,899.423,62.689,23.549,21.211,2.338,938.378,1003.914,872.841
2025-11-05,968.93,974.86,935.31,958.05,972200.0,969.72,940.849,902.567,55.821,21.732,21.315,0.417,940.849,1005.381,876.317
2025-11-06,964.97,979.8,958.05,973.87,816100.0,972.092,944.31,906.086,59.172,21.322,21.317,0.006,944.31,1008.089,880.53
2025-11-07,968.93,978.81,946.19,954.1,765300.0,968.928,946.238,908.716,53.691,19.181,20.889,-1.708,946.238,1008.672,883.803
2025-11-10,964.97,969.92,956.07,965.96,710200.0,966.554,947.918,911.722,56.306,18.231,20.358,-2.127,947.918,1010.587,885.249
2025-11-11,973.87,981.78,951.13,955.09,898300.0,961.414,949.846,914.708,53.333,16.412,19.569,-3.157,949.846,1010.799,888.893
2025-11-12,910.59,946.19,902.68,946.19,1943500.0,959.042,953.406,917.002,50.961,14.09,18.473,-4.383,953.406,1003.259,903.552
2025-11-13,951.13,976.84,946.19,972.88,821700.0,958.844,957.558,919.968,57.12,14.239,17.626,-3.387,957.558,998.075,917.041
2025-11-14,936.3,981.78,935.31,974.86,1065600.0,962.996,960.474,923.231,57.546,14.351,16.971,-2.62,960.474,996.73,924.219
2025-11-17,970.91,981.78,953.11,959.04,898900.0,961.612,962.897,925.841,53.015,13.014,16.18,-3.166,962.897,990.58,935.214
2025-11-18,956.07,958.05,921.47,923.45,616800.0,955.284,962.353,928.313,44.521,8.979,14.739,-5.761,962.353,992.697,932.01
2025-11-19,920.48,926.41,875.99,898.73,1353200.0,945.792,960.178,929.321,39.756,3.743,12.54,-8.797,960.178,1001.017,919.34
2025-11-20,916.53,932.35,879.94,890.82,797700.0,929.38,956.422,929.855,38.342,-1.033,9.825,-10.858,956.422,1007.55,905.293
2025-11-21,879.94,903.67,879.94,899.72,753900.0,914.352,954.148,929.835,40.889,-4.053,7.05,-11.103,954.148,1011.092,897.203
2025-11-25,913.56,920.48,901.7,906.64,621900.0,903.872,951.33,930.132,42.866,-5.821,4.476,-10.296,951.33,1011.892,890.767
2025-11-26,914.55,921.47,909.61,919.49,704700.0,903.08,947.919,930.606,46.447,-6.114,2.358,-8.472,947.919,1007.531,888.306
2025-11-27,924.44,941.24,924.44,940.26,683300.0,911.386,946.485,931.259,51.715,-4.618,0.963,-5.58,946.485,1005.344,887.626
2025-11-28,940.26,946.19,933.33,946.19,621100.0,922.46,945.694,931.595,53.133,-2.92,0.186,-3.106,945.694,1004.098,887.29
2025-12-01,954.1,970.91,944.21,949.15,769100.0,932.346,944.656,931.99,53.861,-1.32,-0.115,-1.205,944.656,1001.974,887.337
2025-12-02,949.15,951.13,924.44,938.28,628900.0,938.674,942.678,932.94,50.743,-0.919,-0.276,-0.643,942.678,997.867,887.489
2025-12-03,947.18,966.95,935.31,951.13,893900.0,945.002,941.195,933.276,54.124,0.431,-0.134,0.566,941.195,993.596,888.794
2025-12-04,964.97,1010.45,956.07,1007.49,1753200.0,958.448,943.667,934.739,65.356,5.98,1.089,4.892,943.667,1003.547,883.787
2025-12-05,1126.13,1168.65,1052.97,1127.12,6899300.0,994.634,951.33,938.793,77.787,19.802,4.831,14.971,951.33,1052.481,850.178
2025-12-08,1216.1,1295.2,1125.14,1138.98,6511600.0,1032.6,960.574,943.123,78.607,31.352,10.135,21.217,960.574,1092.04,829.107
2025-12-09,1127.12,1163.7,1117.23,1138.0,1840900.0,1072.544,969.176,947.394,78.349,39.966,16.102,23.864,969.176,1122.776,815.575
2025-12-10,1219.07,1223.02,1156.78,1168.65,2742400.0,1116.048,979.853,952.674,80.499,48.704,22.622,26.082,979.853,1157.19,802.517
2025-12-11,1181.5,1185.45,1113.28,1139.97,1868000.0,1142.544,989.542,957.618,73.178,52.707,28.639,24.068,989.542,1179.836,799.249
2025-12-12,1166.67,1169.63,1139.97,1162.71,1233300.0,1149.662,999.034,963.055,75.111,57.057,34.323,22.734,999.034,1204.185,793.883
2025-12-15,1157.77,1172.6,1144.92,1158.76,1074200.0,1153.618,1008.229,968.691,74.111,59.499,39.358,20.141,1008.229,1224.975,791.483
2025-12-16,1146.89,1156.78,1128.11,1134.04,1017500.0,1152.826,1016.979,973.476,68.014,58.763,43.239,15.524,1016.979,1239.419,794.539
2025-12-17,1130.09,1135.03,1111.3,1116.24,957000.0,1142.344,1026.618,977.668,63.936,56.097,45.811,10.286,1026.618,1248.701,804.536
2025-12-18,1107.35,1125.14,1094.49,1101.41,680100.0,1134.632,1036.752,981.524,60.671,52.185,47.085,5.1,1036.752,1252.676,820.829
2025-12-19,1107.35,1163.7,1107.35,1160.74,1762900.0,1134.238,1050.249,986.646,67.763,53.259,48.32,4.939,1050.249,1261.457,839.04
2025-12-22,1176.56,1219.07,1169.63,1206.22,1861700.0,1143.73,1065.574,992.459,71.94,57.121,50.08,7.041,1065.574,1275.267,855.88
2025-12-23,1206.22,1210.17,1175.57,1185.45,1062800.0,1154.012,1079.514,997.521,67.63,57.839,51.632,6.207,1079.514,1281.654,877.374
2025-12-24,1183.48,1199.3,1179.52,1186.44,809700.0,1168.052,1092.862,1002.919,67.729,57.822,52.87,4.952,1092.862,1285.543,900.18
2025-12-25,1192.37,1255.65,1188.42,1242.8,1567500.0,1196.33,1107.988,1010.275,72.835,61.645,54.625,7.02,1107.988,1297.707,918.27
2025-12-26,1245.76,1247.74,1199.3,1225.99,1419000.0,1209.38,1121.978,1016.999,69.313,62.597,56.22,6.378,1121.978,1302.503,941.454
2025-12-29,1245.32,1248.31,1221.41,1229.38,821400.0,1214.012,1135.99,1023.256,69.632,62.9,57.556,5.344,1135.99,1303.031,968.949
2025-12-30,1221.41,1240.34,1206.46,1222.4,727700.0,1221.402,1150.196,1029.492,68.063,61.864,58.417,3.447,1150.196,1293.009,1007.383
2026-01-05,1245.32,1263.25,1238.34,1243.32,1081200.0,1232.778,1164.806,1035.672,70.228,62.016,59.137,2.879,1164.806,1278.735,1050.876
2026-01-06,1255.28,1270.22,1247.31,1255.28,1134300.0,1235.274,1177.195,1041.933,71.42,62.382,59.786,2.596,1177.195,1271.252,1083.138
2026-01-07,1254.28,1258.27,1233.36,1233.36,781100.0,1236.748,1182.507,1047.281,66.187,60.21,59.871,0.339,1182.507,1276.657,1088.357
2026-01-08,1216.43,1232.37,1203.47,1203.47,781300.0,1231.566,1185.732,1052.446,59.757,55.437,58.984,-3.547,1185.732,1278.003,1093.46
2026-01-09,1209.45,1213.44,1178.57,1195.5,821300.0,1226.186,1188.606,1057.096,58.135,50.43,57.273,-6.843,1188.606,1278.159,1099.054
2026-01-13,1225.39,1230.37,1183.55,1226.39,1396500.0,1222.8,1191.494,1061.87,62.395,48.397,55.498,-7.101,1191.494,1282.054,1100.933
2026-01-14,1228.38,1264.25,1226.39,1246.31,987100.0,1221.006,1196.81,1067.417,64.877,47.842,53.967,-6.125,1196.81,1287.121,1106.5
2026-01-15,1250.3,1253.29,1229.38,1247.31,829300.0,1223.796,1201.04,1073.123,65.002,46.941,52.562,-5.621,1201.04,1292.543,1109.538
2026-01-16,1255.28,1262.25,1221.41,1256.28,1188000.0,1234.358,1205.916,1078.851,66.164,46.416,51.333,-4.916,1205.916,1298.321,1113.512
2026-01-19,1245.32,1245.32,1214.43,1220.41,714200.0,1239.34,1210.235,1083.702,57.886,42.614,49.589,-6.975,1210.235,1296.355,1124.115
2026-01-20,1216.43,1228.38,1202.48,1206.46,625200.0,1235.354,1214.746,1088.216,55.004,38.037,47.279,-9.241,1214.746,1288.733,1140.759
2026-01-21,1185.54,1275.21,1185.54,1275.21,1709500.0,1241.134,1223.436,1094.559,64.409,39.502,45.723,-6.221,1223.436,1280.194,1166.678
2026-01-22,1295.13,1342.95,1259.27,1316.05,2720500.0,1254.882,1231.202,1101.402,68.607,43.458,45.27,-1.813,1231.202,1294.017,1168.386
2026-01-23,1293.14,1296.13,1236.35,1245.32,1935200.0,1252.69,1233.156,1107.227,56.236,40.419,44.3,-3.881,1233.156,1295.127,1171.186
2026-01-26,1185.54,1205.47,1159.64,1185.54,2060200.0,1245.716,1233.161,1111.618,48.308,32.809,42.002,-9.193,1233.161,1295.117,1171.205
2026-01-27,1155.65,1208.46,1154.66,1200.49,1056500.0,1244.522,1233.864,1116.526,50.199,27.666,39.135,-11.469,1233.864,1293.877,1173.85
2026-01-28,1196.5,1206.46,1173.59,1191.52,701600.0,1227.784,1231.3,1121.433,49.039,22.605,35.829,-13.224,1231.3,1294.026,1168.573
2026-01-29,1195.5,1208.46,1179.56,1195.5,1010600.0,1203.674,1229.775,1125.885,49.596,18.7,32.403,-13.703,1229.775,1294.495,1165.055
2026-01-30,1200.49,1220.41,1180.56,1201.48,872100.0,1194.906,1228.38,1130.418,50.47,15.904,29.103,-13.199,1228.38,1294.327,1162.433
2026-02-02,1206.46,1210.45,1157.65,1166.61,833600.0,1191.12,1225.59,1134.569,45.511,10.751,25.433,-14.682,1225.59,1297.089,1154.092
2026-02-03,1183.55,1206.46,1179.56,1192.52,642000.0,1189.526,1223.05,1139.951,49.483,8.658,22.078,-13.42,1223.05,1295.5,1150.601
2026-02-04,1193.51,1199.49,1170.6,1184.55,878700.0,1188.132,1219.514,1145.667,48.316,6.284,18.919,-12.635,1219.514,1292.244,1146.784
2026-02-05,1205.47,1211.44,1179.56,1182.55,908200.0,1185.542,1216.974,1151.502,48.01,4.192,15.974,-11.781,1216.974,1291.201,1142.746
2026-02-06,1165.62,1189.53,1147.68,1185.54,775200.0,1182.354,1216.077,1157.218,48.535,2.745,13.328,-10.583,1216.077,1291.416,1140.738
2026-02-09,1220.41,1226.39,1202.48,1219.41,809000.0,1192.914,1217.272,1163.473,54.176,4.281,11.519,-7.237,1217.272,1291.993,1142.552
2026-02-10,1224.4,1232.37,1211.44,1220.41,844300.0,1198.492,1216.974,1169.492,54.335,5.516,10.318,-4.802,1216.974,1291.588,1142.359
2026-02-12,1260.26,1289.15,1252.29,1288.16,2799900.0,1219.214,1219.066,1176.45,63.567,11.825,10.619,1.205,1219.066,1299.282,1138.85
2026-02-13,1290.15,1332.99,1275.21,1290.15,2671700.0,1240.734,1221.208,1183.329,63.799,16.792,11.854,4.938,1221.208,1306.713,1135.703
2026-02-16,1260.26,1374.83,1207.46,1275.21,4759100.0,1258.668,1222.154,1189.85,60.681,19.3,13.343,5.957,1222.154,1309.689,1134.62
2026-02-17,1295.13,1324.02,1274.21,1285.17,1759800.0,1271.82,1225.392,1196.788,62.014,21.84,15.042,6.797,1225.392,1317.335,1133.45
2026-02-18,1344.94,1407.71,1307.09,1387.78,4159100.0,1305.294,1234.458,1205.521,72.394,31.766,18.387,13.379,1234.458,1351.007,1117.91
2026-02-19,1530.25,1686.66,1522.28,1633.86,13318500.0,1374.434,1252.391,1218.048,83.816,58.812,26.472,32.34,1252.391,1465.612,1039.17
2026-02-20,1652.79,1816.17,1649.8,1776.32,11620200.0,1471.668,1275.404,1231.032,87.135,90.695,39.317,51.378,1275.404,1591.901,958.908
2026-02-24,1776.32,1870.97,1711.56,1790.27,8940600.0,1574.68,1302.652,1244.058,87.407,115.754,54.604,61.15,1302.652,1693.371,911.933
2026-02-25,1790.27,1912.81,1673.71,1894.88,6179800.0,1696.622,1338.119,1259.196,89.246,142.413,72.166,70.247,1338.119,1805.362,870.876
2026-02-26,1937.71,2068.22,1899.86,1916.79,7352100.0,1802.424,1373.934,1274.159,89.589,163.425,90.418,73.007,1373.934,1902.54,845.328
2026-02-27,1882.92,1942.7,1813.18,1873.95,4992500.0,1850.442,1408.056,1288.838,83.953,174.607,107.256,67.352,1408.056,1973.875,842.236
2026-03-02,1843.07,1857.02,1797.24,1827.13,2895200.0,1860.604,1439.637,1302.127,78.166,177.644,121.333,56.31,1439.637,2025.652,853.622
2026-03-03,1820.16,1966.61,1773.33,1774.33,4118700.0,1857.416,1468.28,1314.438,72.128,173.786,131.824,41.962,1468.28,2061.24,875.319
2026-03-04,1734.48,1766.36,1622.9,1661.75,3143500.0,1810.79,1493.036,1324.992,61.262,159.803,137.42,22.383,1493.036,2074.193,911.88
2026-03-05,1757.39,1833.11,1747.43,1798.24,2371800.0,1787.08,1523.322,1338.632,67.629,157.914,141.519,16.395,1523.322,2101.663,944.982
2026-03-06,1758.39,1974.58,1738.46,1945.68,4122700.0,1801.426,1561.379,1355.518,72.825,166.396,146.494,19.902,1561.379,2145.993,976.765
2026-03-09,1714.55,1853.03,1616.92,1829.12,5729900.0,1801.824,1593.708,1368.885,64.069,161.847,149.565,12.283,1593.708,2161.38,1026.035
2026-03-10,1899.86,1946.68,1839.08,1894.88,3409300.0,1825.934,1629.174,1382.658,66.515,161.685,151.989,9.696,1629.174,2177.788,1080.561
2026-03-11,1917.79,2025.38,1910.82,1955.65,3841800.0,1884.714,1665.986,1398.062,68.64,164.563,154.503,10.059,1665.986,2197.364,1134.609
2026-03-12,1915.8,1995.5,1897.86,1949.67,3221100.0,1915.0,1702.45,1413.327,68.182,164.465,156.496,7.969,1702.45,2204.354,1200.545
2026-03-13,1869.97,1953.65,1856.02,1895.87,2601900.0,1905.038,1732.835,1426.388,64.037,158.222,156.841,1.381,1732.835,2201.624,1264.046
2026-03-16,1875.95,1923.77,1862.99,1907.83,2535900.0,1920.78,1763.719,1440.025,64.553,152.482,155.969,-3.487,1763.719,2189.086,1338.352
2026-03-17,1953.65,1974.58,1781.3,1781.3,3776000.0,1898.064,1789.024,1451.064,55.487,136.154,152.006,-15.852,1789.024,2146.887,1431.16
2026-03-18,1816.17,1915.8,1813.18,1898.86,2334300.0,1886.706,1819.708,1464.593,60.971,131.188,147.843,-16.655,1819.708,2090.255,1549.161
2026-03-19,1850.04,2054.28,1848.05,2028.37,4801300.0,1902.446,1851.738,1480.294,65.949,136.133,145.501,-9.368,1851.738,2048.629,1654.846
2026-03-23,1978.56,2063.24,1939.71,1977.56,4939400.0,1918.784,1868.923,1494.739,62.577,134.403,143.281,-8.878,1868.923,2044.598,1693.247
2026-03-24,2102.1,2111.06,1887.9,1971.59,3999400.0,1931.536,1878.686,1509.504,62.175,131.039,140.833,-9.793,1878.686,2054.397,1702.975
2026-03-25,2022.4,2197.74,2016.42,2190.76,4561800.0,2013.428,1898.71,1529.25,69.84,144.394,141.545,2.849,1898.71,2117.898,1679.523
2026-03-26,2261.5,2462.74,2253.53,2330.24,10098700.0,2099.704,1920.478,1551.945,73.518,164.339,146.104,18.235,1920.478,2212.453,1628.504
2026-03-27,2254.52,2280.43,2154.9,2275.44,5120300.0,2149.118,1938.411,1572.926,69.911,173.721,151.627,22.093,1938.411,2270.703,1606.119
2026-03-30,2175.82,2229.62,2145.93,2175.82,3901700.0,2188.77,1953.505,1591.516,63.784,171.144,155.531,15.614,1953.505,2300.563,1606.446
2026-03-31,2118.04,2125.01,1994.5,1994.5,3410700.0,2193.352,1961.873,1606.46,54.433,152.711,154.967,-2.255,1961.873,2304.14,1619.606
2026-04-01,2094.13,2230.61,2064.24,2225.63,3389300.0,2200.326,1984.438,1625.847,62.067,154.967,154.967,0.0,1984.438,2334.072,1634.804
2026-04-02,2227.62,2277.44,2174.82,2268.47,3716900.0,2187.972,2014.774,1646.808,63.294,158.386,155.651,2.735,2014.774,2351.57,1677.978
2026-04-03,2318.28,2365.11,2279.43,2351.16,3324700.0,2203.116,2042.42,1669.702,65.608,165.855,157.692,8.164,2042.42,2394.79,1690.05
2026-04-06,2341.2,2380.05,2257.51,2315.29,2955500.0,2231.01,2060.9,1690.503,63.731,166.956,159.544,7.412,2060.9,2430.267,1691.534
2026-04-07,2358.13,2380.05,2272.46,2361.12,2559600.0,2304.334,2087.5,1711.405,65.105,169.572,161.55,8.022,2087.5,2463.157,1711.844
2026-04-08,2490.64,2537.46,2424.88,2487.65,4139100.0,2356.738,2117.139,1736.251,68.635,179.783,165.196,14.586,2117.139,2521.264,1713.014
2026-04-09,2493.62,2502.59,2420.9,2485.65,2079700.0,2400.174,2143.639,1762.254,68.517,185.574,169.272,16.302,2143.639,2571.961,1715.317
2026-04-10,2502.59,2648.04,2480.67,2552.4,2789700.0,2440.422,2173.775,1789.292,70.35,193.321,174.082,19.239,2173.775,2628.628,1718.923
2026-04-13,2552.4,2623.14,2478.68,2503.59,2495500.0,2478.082,2204.162,1815.533,67.267,193.294,177.924,15.37,2204.162,2662.031,1746.292
2026-04-14,2519.53,2640.07,2440.82,2478.68,3769300.0,2501.594,2232.704,1841.197,65.685,189.084,180.156,8.927,2232.704,2683.916,1781.492
2026-04-15,2499.6,2556.39,2315.29,2331.23,3364400.0,2470.31,2260.2,1863.792,57.12,171.867,178.498,-6.631,2260.2,2659.644,1860.757
2026-04-16,2321.27,2371.08,2295.37,2328.25,1559900.0,2438.83,2281.67,1887.025,56.959,156.182,174.035,-17.853,2281.67,2643.749,1919.591
2026-04-17,2314.3,2344.19,2286.4,2312.31,2027600.0,2390.812,2295.867,1909.42,56.045,140.842,167.397,-26.555,2295.867,2637.836,1953.898
2026-04-20,2218.66,2277.44,2201.72,2257.51,2334700.0,2341.596,2309.864,1930.88,52.904,122.847,158.487,-35.64,2309.864,2618.242,2001.487
2026-04-21,2556.39,2755.64,2514.54,2755.64,6899900.0,2396.988,2349.067,1962.341,69.59,147.085,156.206,-9.121,2349.067,2675.212,2022.922
2026-04-22,2913.05,3088.39,2532.48,2611.18,12983600.0,2452.978,2370.088,1990.854,62.657,152.875,155.54,-2.665,2370.088,2707.279,2032.897
2026-04-23,2760.62,2760.62,2480.67,2540.45,4226700.0,2495.418,2380.598,2017.275,59.53,150.027,154.437,-4.411,2380.598,2725.575,2035.622
2026-04-24,2577.31,2586.28,2395.99,2424.88,3138600.0,2517.932,2388.07,2041.364,54.724,136.866,150.923,-14.057,2388.07,2729.916,2046.225
2026-04-27,2524.51,2805.45,2487.65,2776.56,6387700.0,2621.742,2418.107,2071.132,64.196,153.05,151.348,1.701,2418.107,2786.005,2050.21
2026-04-28,2769.59,2816.41,2681.92,2771.58,3662700.0,2624.93,2456.962,2100.761,63.992,163.588,153.796,9.792,2456.962,2799.771,2114.152
2026-04-30,2744.68,2829.36,2673.95,2687.89,3170100.0,2640.272,2480.074,2129.015,60.509,163.304,155.698,7.606,2480.074,2819.53,2140.619
2026-05-01,2666.97,2705.83,2591.26,2657.01,2066600.0,2663.584,2499.502,2156.451,59.228,158.757,156.31,2.447,2499.502,2832.375,2166.628
2026-05-07,2829.36,3138.2,2829.36,3103.33,6124700.0,2799.274,2537.11,2190.762,69.333,188.989,162.845,26.144,2537.11,2957.796,2116.424
2026-05-08,3033.59,3183.03,3003.71,3133.22,2826700.0,2870.606,2578.007,2220.75,69.872,212.906,172.858,40.048,2578.007,3062.14,2093.873
2026-05-11,3168.09,3212.92,2896.11,2944.93,3702500.0,2905.276,2607.197,2244.122,62.434,214.198,181.126,33.072,2607.197,3106.435,2107.959
2026-05-12,2845.3,2883.16,2658.01,2673.95,5406400.0,2902.488,2616.512,2261.795,53.592,191.152,183.131,8.021,2616.512,3113.304,2119.72
2026-05-13,2645.05,2831.35,2643.06,2814.42,3148600.0,2933.97,2632.95,2280.186,56.992,182.124,182.929,-0.806,2632.95,3133.256,2132.645
2026-05-14,2684.9,2998.72,2650.04,2755.64,5993300.0,2864.432,2643.112,2296.963,55.171,168.286,180.001,-11.715,2643.112,3144.783,2141.442
2026-05-15,2802.46,2984.78,2770.58,2845.3,3917800.0,2806.848,2660.198,2316.39,57.407,162.678,176.536,-13.858,2660.198,3165.126,2155.27
2026-05-18,2858.25,2936.96,2702.84,2775.56,2816300.0,2772.974,2675.042,2335.359,55.104,150.868,171.403,-20.534,2675.042,3174.932,2175.152
2026-05-19,2725.75,2769.59,2277.44,2277.44,5593000.0,2693.672,2672.352,2345.421,42.112,100.16,157.154,-56.994,2672.352,3180.541,2164.164
2026-05-20,2327.25,2530.49,2303.34,2366.1,5581900.0,2604.008,2674.245,2359.508,44.615,66.362,138.996,-72.634,2674.245,3177.294,2171.196
2026-05-21,2500.6,2540.45,2366.1,2366.1,4752000.0,2526.1,2676.934,2370.865,44.615,39.126,119.022,-79.896,2676.934,3172.353,2181.516
2026-05-22,2415.92,2673.95,2405.95,2610.19,3469800.0,2479.078,2694.569,2384.155,51.334,36.813,102.58,-65.767,2694.569,3150.675,2238.462
2026-05-25,2590.26,2948.91,2530.49,2605.2,4269600.0,2445.006,2687.046,2399.677,51.197,34.183,88.901,-54.717,2687.046,3143.873,2230.22
2026-05-26,2583.29,2617.16,2502.59,2552.4,2192900.0,2499.998,2684.108,2412.827,49.689,27.522,76.625,-49.103,2684.108,3143.737,2224.478
2026-05-27,2602.22,2683.91,2455.77,2511.56,2368800.0,2529.09,2682.663,2423.946,48.499,18.731,65.046,-46.315,2682.663,3144.371,2220.955
2026-05-28,2508.57,2568.34,2413.92,2565.35,1606800.0,2568.94,2689.687,2436.259,50.191,15.921,55.221,-39.3,2689.687,3138.99,2240.383
2026-05-29,2629.11,2819.4,2605.2,2796.48,4247400.0,2606.198,2690.682,2454.271,56.765,31.975,50.572,-18.597,2690.682,3140.884,2240.481
2026-06-01,2746.67,2909.06,2707.82,2842.31,3751000.0,2653.62,2694.219,2472.961,57.95,47.845,50.027,-2.181,2694.219,3148.192,2240.246
2026-06-02,2858.25,3237.83,2795.49,3227.86,12370700.0,2788.712,2721.217,2501.892,66.314,90.49,58.119,32.371,2721.217,3234.02,2208.415
2026-06-03,3277.68,3387.26,3143.18,3222.88,4140600.0,2930.976,2749.511,2528.373,66.131,122.473,70.99,51.483,2749.511,3307.821,2191.201
2026-06-04,3013.67,3168.09,2973.82,3058.5,4626500.0,3029.606,2747.27,2548.975,60.224,133.022,83.396,49.625,2747.27,3299.929,2194.61
2026-06-05,2967.84,3093.37,2782.54,3028.61,4477300.0,3076.032,2742.039,2569.996,59.189,137.386,94.194,43.192,2742.039,3281.133,2202.945
2026-06-08,2739.7,2805.45,2472.7,2491.63,8596700.0,3005.896,2719.374,2580.397,44.416,96.404,94.636,1.768,2719.374,3260.663,2178.085
2026-06-09,2575.32,2678.93,2496.61,2646.05,4949600.0,2889.534,2717.979,2589.503,48.404,75.515,90.812,-15.297,2717.979,3259.904,2176.054
2026-06-10,2501.59,2518.53,2355.14,2381.05,5087900.0,2721.168,2696.31,2590.519,42.737,37.149,80.079,-42.93,2696.31,3256.353,2136.268
2026-06-11,2391.01,2467.72,2286.4,2459.75,4730900.0,2601.418,2681.516,2594.205,44.804,12.945,66.653,-53.707,2681.516,3250.52,2112.512
2026-06-12,2520.52,2590.26,2482.66,2503.59,4679300.0,2496.414,2664.43,2600.761,45.973,-2.669,52.788,-55.457,2664.43,3233.249,2095.612
2026-06-15,2566.35,2701.84,2474.69,2564.36,5035700.0,2510.96,2653.87,2612.158,47.63,-10.023,40.226,-50.249,2653.87,3221.843,2085.898
2026-06-16,2540.45,2588.27,2336.22,2545.43,5402400.0,2490.836,2667.27,2618.554,47.145,-17.181,28.744,-45.926,2667.27,3209.931,2124.609
2026-06-17,2535.47,2756.63,2511.56,2704.83,3806000.0,2555.592,2684.206,2627.281,51.613,-9.878,21.02,-30.898,2684.206,3208.11,2160.303
2026-06-18,2738.7,2837.33,2611.18,2630.11,3196400.0,2589.664,2697.407,2632.86,49.501,-10.004,14.815,-24.819,2697.407,3200.451,2194.363
2026-06-19,2660.0,2877.18,2598.23,2809.44,4718600.0,2650.834,2707.37,2642.743,54.332,4.316,12.715,-8.399,2707.37,3211.033,2203.706
2026-06-22,2819.4,2914.04,2779.55,2840.32,3036600.0,2706.026,2719.126,2652.327,55.128,17.951,13.762,4.188,2719.126,3223.723,2214.528
2026-06-23,2909.06,2972.82,2797.48,2847.29,3642100.0,2766.398,2733.87,2659.52,55.317,28.984,16.807,12.177,2733.87,3235.177,2232.563
2026-06-24,2784.53,2806.45,2691.88,2716.78,2476000.0,2768.788,2744.131,2664.142,50.98,26.887,18.823,8.064,2744.131,3234.562,2253.7
2026-06-25,2788.51,2814.42,2733.72,2770.58,2286100.0,2796.882,2754.392,2668.506,52.629,29.23,20.904,8.325,2754.392,3237.608,2271.177
2026-06-26,2739.7,2742.69,2463.74,2526.5,4066800.0,2740.294,2740.894,2668.964,45.2,11.261,18.976,-7.715,2740.894,3234.139,2247.648
2026-06-29,2520.0,2528.0,2345.0,2522.0,3210200.0,2676.63,2724.878,2669.831,45.074,-3.304,14.52,-17.824,2724.878,3225.011,2224.745
2026-06-30,2520.0,2536.0,2426.0,2500.0,3488400.0,2607.172,2688.485,2673.206,44.42,-16.433,8.329,-24.762,2688.485,3137.864,2239.106
2026-07-01,2693.0,2739.0,2610.0,2686.0,3029700.0,2601.016,2661.641,2680.361,50.903,-11.694,4.324,-16.019,2661.641,3034.182,2289.1
2026-07-02,2536.0,2543.0,2435.0,2435.0,2077600.0,2533.9,2630.466,2682.815,43.525,-27.871,-2.115,-25.756,2630.466,2965.655,2295.277
2026-07-03,2330.0,2430.0,2274.0,2426.0,3153800.0,2513.8,2600.336,2686.185,43.283,-40.946,-9.881,-31.065,2600.336,2890.09,2310.581
2026-07-06,2454.0,2464.0,2343.0,2394.0,1935100.0,2488.2,2595.454,2678.952,42.38,-53.275,-18.56,-34.716,2595.454,2896.008,2294.9
2026-07-07,2323.0,2334.0,2226.0,2286.0,3455800.0,2445.4,2577.452,2672.448,39.393,-70.944,-29.037,-41.907,2577.452,2906.981,2247.922
2026-07-08,2159.0,2250.0,2150.0,2173.0,2779200.0,2342.8,2567.049,2665.099,36.494,-92.992,-41.828,-51.164,2567.049,2933.725,2200.373
2026-07-09,2220.0,2291.0,2160.0,2213.0,2460300.0,2298.4,2554.712,2660.862,38.227,-106.016,-54.665,-51.35,2554.712,2951.922,2157.501
2026-07-10,2255.0,2564.0,2222.0,2456.0,5097800.0,2304.4,2552.332,2654.45,47.584,-95.627,-62.858,-32.769,2552.332,2951.398,2153.266
2026-07-13,2457.0,2569.0,2453.0,2520.0,1245700.0,2329.6,2550.114,2649.419,49.743,-81.292,-66.545,-14.748,2550.114,2949.392,2150.836
